label,latent_idx,full_selected_auc,loo_auc,delta_auc,full_selected_average_precision,loo_average_precision,delta_average_precision,redundancy_role
RES,11660,0.856929888342861,0.8456994032694815,0.011230485073379537,0.3284502131068656,0.32235492515037145,0.0060952879564941664,essential
RES,2462,0.856929888342861,0.8501712257212584,0.006758662621602629,0.3284502131068656,0.31900783118689974,0.009442381919965881,essential
RES,6743,0.856929888342861,0.8523478504329222,0.00458203790993883,0.3284502131068656,0.31909127035177837,0.009358942755087252,essential
RES,28269,0.856929888342861,0.8503691956674355,0.006560692675425472,0.3284502131068656,0.29743955253351545,0.03101066057335017,essential
RES,6623,0.856929888342861,0.8541969628589576,0.002732925483903359,0.3284502131068656,0.32571455475553046,0.0027356583513351573,redundant
RES,1137,0.856929888342861,0.8547976632233477,0.0021322251195132758,0.3284502131068656,0.3187682788932269,0.009681934213638721,essential
RES,13430,0.856929888342861,0.8555232047939023,0.001406683548958676,0.3284502131068656,0.3314358338375311,-0.0029856207306654947,redundant
RES,29759,0.856929888342861,0.8486000025072711,0.008329885835589912,0.3284502131068656,0.3109848577713135,0.017465355335552102,essential
RES,31585,0.856929888342861,0.8509500468023936,0.005979841540467379,0.3284502131068656,0.3053620127219524,0.023088200384913216,essential
RES,9959,0.856929888342861,0.8523927723732156,0.0045371159696453445,0.3284502131068656,0.32518049735229804,0.0032697157545675815,redundant
RES,8104,0.856929888342861,0.8509803429946846,0.005949545348176377,0.3284502131068656,0.30977510045810785,0.018675112648757763,essential
RES,2342,0.856929888342861,0.8560748044328553,0.0008550839100056606,0.3284502131068656,0.3270631565884293,0.0013870565184362915,redundant
RES,20028,0.856929888342861,0.8520041453548625,0.004925742987998527,0.3284502131068656,0.3172288123514134,0.011221400755452193,essential
RES,2068,0.856929888342861,0.8519122120817036,0.0050176762611573444,0.3284502131068656,0.3236498233740294,0.004800389732836197,essential
RES,2013,0.856929888342861,0.8535576087319894,0.003372279610871609,0.3284502131068656,0.3139692017581748,0.014481011348690842,essential
RES,13303,0.856929888342861,0.8544215725604253,0.0025083157824357105,0.3284502131068656,0.32556076131785,0.002889451789015618,redundant
REC,11660,0.8915500732719187,0.8886932027445078,0.002856870527410904,0.638550742472928,0.6327632157031956,0.005787526769732376,essential
REC,20436,0.8915500732719187,0.8859256004222674,0.005624472849651285,0.638550742472928,0.609631900500174,0.02891884197275396,essential
REC,9993,0.8915500732719187,0.8837581108083351,0.0077919624635836016,0.638550742472928,0.6254753066516244,0.01307543582130355,essential
REC,29759,0.8915500732719187,0.8839458620011456,0.0076042112707731535,0.638550742472928,0.62480141261082,0.013749329862107973,essential
REC,26800,0.8915500732719187,0.8739630850055043,0.01758698826641436,0.638550742472928,0.6142609787470384,0.024289763725889535,essential
REC,19005,0.8915500732719187,0.8901566253854011,0.0013934478865176292,0.638550742472928,0.6347512119722707,0.003799530500657289,redundant
REC,11405,0.8915500732719187,0.890041728566488,0.0015083447054307086,0.638550742472928,0.6353906194687525,0.0031601230041754524,redundant
REC,9959,0.8915500732719187,0.8901295569618978,0.0014205163100209361,0.638550742472928,0.6355269806546183,0.003023761818309656,redundant
REC,9403,0.8915500732719187,0.8901756308742439,0.0013744423976748132,0.638550742472928,0.6328570541323308,0.005693688340597136,essential
REC,664,0.8915500732719187,0.8892270842038184,0.002322989068100356,0.638550742472928,0.6376750375437207,0.0008757049292072994,redundant
REC,10181,0.8915500732719187,0.8877717244975856,0.00377834877433314,0.638550742472928,0.6284432566772619,0.010107485795666116,essential
REC,26319,0.8915500732719187,0.887160093311191,0.004389979960727763,0.638550742472928,0.6273597535498574,0.011190988923070577,essential
REC,29590,0.8915500732719187,0.8905332796188306,0.001016793653088155,0.638550742472928,0.6374531249323306,0.0010976175405973398,redundant
REC,30091,0.8915500732719187,0.8881005770469559,0.0034494962249628225,0.638550742472928,0.6200991404317067,0.018451602041221316,essential
REC,5569,0.8915500732719187,0.8895645756117536,0.001985497660165092,0.638550742472928,0.6319462271687578,0.0066045153041701665,essential
QUO,664,0.9516446525972787,0.9464653523613359,0.005179300235942819,0.8542671029157626,0.8433781198633564,0.010888983052406154,essential
QUO,21190,0.9516446525972787,0.9481450149575793,0.0034996376396994044,0.8542671029157626,0.8405670982469351,0.013700004668827481,essential
QUO,18310,0.9516446525972787,0.9422718719405984,0.009372780656680346,0.8542671029157626,0.8326540389217173,0.02161306399404528,essential
QUO,13430,0.9516446525972787,0.9442223965910886,0.007422256006190064,0.8542671029157626,0.8413497816993634,0.012917321216399213,essential
QUO,14247,0.9516446525972787,0.9400225589720955,0.011622093625183183,0.8542671029157626,0.8285845003407086,0.025682602575053948,essential
QUO,8890,0.9516446525972787,0.9489739482015486,0.002670704395730139,0.8542671029157626,0.849762617482159,0.0045044854336036,redundant
QUO,15679,0.9516446525972787,0.9436874837664402,0.007957168830838524,0.8542671029157626,0.8352061337894392,0.01906096912632338,essential
QUO,19840,0.9516446525972787,0.9470218342514944,0.004622818345784263,0.8542671029157626,0.844511921285518,0.00975518163024458,essential
QUO,22553,0.9516446525972787,0.9496909493476606,0.0019537032496180773,0.8542671029157626,0.8464758059833312,0.007791296932431413,essential
QUO,14833,0.9516446525972787,0.9511667275141357,0.00047792508314303817,0.8542671029157626,0.8520740889685341,0.0021930139472284838,redundant
QUO,6129,0.9516446525972787,0.9503761645024947,0.0012684880947839705,0.8542671029157626,0.851616598616374,0.002650504299388623,redundant
QUC,13430,0.9087251213871628,0.8083287709169567,0.10039635047020612,0.6260788366985984,0.5580744014187341,0.06800443527986433,essential
QUC,21935,0.9087251213871628,0.8944581176898411,0.0142670036973217,0.6260788366985984,0.5710977071182386,0.05498112958035983,essential
QUC,22358,0.9087251213871628,0.8379964085464897,0.07072871284067306,0.6260788366985984,0.5401571584777083,0.08592167822089014,essential
QUC,29947,0.9087251213871628,0.9027652444362887,0.005959876950874077,0.6260788366985984,0.5984992347131247,0.027579601985473712,essential
QUC,5413,0.9087251213871628,0.9054663965850608,0.0032587248021019866,0.6260788366985984,0.6003421753073708,0.025736661391227655,essential
QUC,9959,0.9087251213871628,0.9035725316655223,0.005152589721640455,0.6260788366985984,0.6021506863128394,0.023928150385759017,essential
QUC,20402,0.9087251213871628,0.9061849561587916,0.002540165228371194,0.6260788366985984,0.6142379806740214,0.011840856024577073,essential
QUC,8226,0.9087251213871628,0.9078428861761977,0.0008822352109650877,0.6260788366985984,0.6215565177123566,0.00452231898624178,redundant
QUC,2386,0.9087251213871628,0.9072133903475738,0.0015117310395890149,0.6260788366985984,0.6166019252839444,0.00947691141465401,essential
QUC,26485,0.9087251213871628,0.904770691104414,0.003954430282748778,0.6260788366985984,0.6163381118974134,0.009740724801185041,essential
QUC,6100,0.9087251213871628,0.9064568526485709,0.002268268738591872,0.6260788366985984,0.6235074508941615,0.002571385804436943,redundant
QUC,1622,0.9087251213871628,0.9084764150800717,0.00024870630709106223,0.6260788366985984,0.6174735483825048,0.00860528831609364,essential
QUC,4998,0.9087251213871628,0.9080526060892042,0.0006725152979585314,0.6260788366985984,0.6201566836993848,0.005922152999213615,essential
GI,13430,0.854382278541786,0.7921592794749998,0.0622229990667863,0.47450464740615306,0.4326514542568308,0.04185319314932223,essential
GI,664,0.854382278541786,0.8439256339701792,0.010456644571606888,0.47450464740615306,0.46832350869558714,0.006181138710565914,essential
GI,9893,0.854382278541786,0.8483085126493967,0.006073765892389393,0.47450464740615306,0.46754057701014323,0.006964070396009825,essential
GI,17827,0.854382278541786,0.8515597571843952,0.002822521357390806,0.47450464740615306,0.4607613722255944,0.013743275180558678,essential
GI,2055,0.854382278541786,0.8438446154169305,0.0105376631248556,0.47450464740615306,0.460312347349546,0.014192300056607043,essential
GI,13751,0.854382278541786,0.8505867843736216,0.0037954941681644927,0.47450464740615306,0.4635808043091087,0.010923843097044361,essential
GI,16515,0.854382278541786,0.8487623665819473,0.005619911959838797,0.47450464740615306,0.4634077865456499,0.011096860860503155,essential
GI,31844,0.854382278541786,0.8522247844756449,0.0021574940661411857,0.47450464740615306,0.470852084045984,0.003652563360169059,redundant
GI,18490,0.854382278541786,0.8508996060097762,0.003482672532009845,0.47450464740615306,0.4584946687906123,0.016009978615540765,essential
GI,8166,0.854382278541786,0.8506197919323525,0.0037624866094335685,0.47450464740615306,0.46801462772202884,0.006490019684124215,essential
GI,26879,0.854382278541786,0.8495815541759063,0.004800724365879749,0.47450464740615306,0.4608363622934102,0.013668285112742873,essential
GI,9728,0.854382278541786,0.8505871594595162,0.0037951190822698155,0.47450464740615306,0.465228307590851,0.00927633981530207,essential
GI,16131,0.854382278541786,0.849044431174739,0.005337847367047011,0.47450464740615306,0.4573162004455402,0.017188446960612835,essential
SU,2995,0.840550139168786,0.7946684319385731,0.0458817072302129,0.23085136383738186,0.1912894721573908,0.03956189167999105,essential
SU,24760,0.840550139168786,0.8329108691310645,0.007639270037721468,0.23085136383738186,0.1601302120720448,0.07072115176533705,essential
SU,2699,0.840550139168786,0.807906574660248,0.032643564508538,0.23085136383738186,0.17808782947416749,0.052763534363214376,essential
SU,21178,0.840550139168786,0.8103659447765967,0.030184194392189223,0.23085136383738186,0.20751455484754702,0.02333680898983484,essential
AF,23464,0.9223370344052813,0.9132774136692218,0.009059620736059482,0.5580331783281334,0.5144799510978679,0.043553227230265446,essential
AF,13430,0.9223370344052813,0.9066734415999428,0.015663592805338467,0.5580331783281334,0.5413920207794222,0.016641157548711205,essential
AF,7143,0.9223370344052813,0.8999019487195773,0.02243508568570396,0.5580331783281334,0.45572765224817413,0.10230552607995924,essential
AF,21144,0.9223370344052813,0.914303180910567,0.008033853494714305,0.5580331783281334,0.551072723766555,0.006960454561578344,essential
AF,24167,0.9223370344052813,0.9056055956714528,0.01673143873382843,0.5580331783281334,0.535706985670009,0.02232619265812441,essential
AF,28724,0.9223370344052813,0.9136235704163012,0.008713463988980097,0.5580331783281334,0.52294760522331,0.03508557310482341,essential
