representation,top_n,label,n_observations,n_features_mean,auc_mean,auc_std,auc_se,average_precision_mean,average_precision_std,average_precision_se,f1_mean,f1_std,f1_se,balanced_accuracy_mean,balanced_accuracy_std,balanced_accuracy_se
Full SAE,-1,AF,5,32768.0,0.9336949119352056,0.010776924438641176,0.0048195871266360855,0.6262876446770329,0.03492492511828341,0.015618901334714318,0.5307962957462516,0.047627797803459625,0.021299798701430176,0.8655595022957119,0.023808408988008574,0.010647444186660828
Full SAE,-1,GI,5,32768.0,0.8353024258321708,0.017471714507026535,0.007813588264236112,0.4916122995056019,0.0518860754336277,0.02320415835105468,0.4619162664071066,0.028105214013265604,0.012569033811168313,0.7459967137475892,0.010349989687387071,0.004628656101483858
Full SAE,-1,QUC,5,32768.0,0.8800667530310669,0.024326844705526256,0.010879295687927512,0.5607203737082481,0.056978916497015,0.025481746114321947,0.5816202710077093,0.03122447708419012,0.013964010664426705,0.8171965047573722,0.02447595647456546,0.010945980498290894
Full SAE,-1,QUO,5,32768.0,0.941853454161078,0.009095566952409862,0.0040676611998978094,0.8647742754988123,0.015835307732787744,0.0070817649070282936,0.7669319515977865,0.01472242862417685,0.0065840702395096274,0.8804713740987798,0.012001339917801274,0.005367162375457077
Full SAE,-1,REC,5,32768.0,0.8893942073846459,0.014247709229649453,0.0063717692722294675,0.6472233721218726,0.04490183855935923,0.020080712666689694,0.6056617723090181,0.030730696942570294,0.013743185471906425,0.8122166282097554,0.02085168837753879,0.009325158531563805
Full SAE,-1,RES,5,32768.0,0.7792494171955725,0.039078079298731264,0.017476248348418082,0.2687760031160035,0.048460057361899976,0.021671996490949495,0.33364910632279415,0.033262712667909165,0.014875537328297656,0.6706481112470766,0.027200909853062238,0.012164616696258195
Full SAE,-1,SU,5,32768.0,0.8734934264361675,0.0553502981646776,0.02475340585422019,0.3953031096816577,0.08866036196694779,0.03965011925356644,0.4223246494417839,0.07809061412243257,0.034923184316492856,0.7983084785684984,0.0683001692796858,0.030544764276824055
Hidden State,-1,AF,5,4096.0,0.9561218178740981,0.01139684283644537,0.005096823062234673,0.7708263672351603,0.038687349273394366,0.01730150856891738,0.698141717576078,0.04453343496358227,0.019915957570027166,0.8553442493858826,0.027510630707155485,0.012303128073018555
Hidden State,-1,GI,5,4096.0,0.8374341776060941,0.014535172157173556,0.006500326601620465,0.5134341809140212,0.029607691325031757,0.013240962091920366,0.48559106561982707,0.014892380343989198,0.00666007495918831,0.7221370453819128,0.015520203857252243,0.0069408461698940915
Hidden State,-1,QUC,5,4096.0,0.89175598000654,0.014070524409665663,0.0062925298118165045,0.6830020890661732,0.03558019906858331,0.015911948754065396,0.644324455204144,0.039323126138962244,0.017585836626903682,0.8116821283931405,0.02585902990400092,0.011564509739509184
Hidden State,-1,QUO,5,4096.0,0.9458424528197528,0.011897920568276977,0.005320911836312049,0.8922875324893971,0.016398004644284463,0.007333410615995463,0.8061378061207224,0.015124699934999278,0.0067639714387890066,0.8893429690809803,0.013662575527602415,0.00611008952548881
Hidden State,-1,REC,5,4096.0,0.8896589995724324,0.013153288359518529,0.005882329379908025,0.6798808174984137,0.025562149609970025,0.011431740835782541,0.6344398213378513,0.031075493588152703,0.013897383219493659,0.8041356552529993,0.028862714708318343,0.012907798420596564
Hidden State,-1,RES,5,4096.0,0.7910699781838891,0.032836433554252184,0.014684899513192582,0.37371884781903475,0.06694508502285923,0.02993875217412326,0.40243324725830404,0.050867305649037735,0.022748550652701486,0.6929779722768319,0.030220785366367582,0.01351514608252576
Hidden State,-1,SU,5,4096.0,0.8936873508281655,0.04522857788427048,0.020226834934974482,0.5785112316449832,0.06750608874311942,0.030189640664949672,0.5698281517530591,0.07656849076069627,0.034242470055096286,0.7661950291957134,0.0469261586038191,0.020986016112215226
PCA-n,10,AF,5,10.0,0.8800512429058737,0.011390260490981312,0.005093879347852869,0.3191380621620365,0.028732609601292525,0.012849613647890643,0.2899824268512375,0.01842310234252093,0.008239061838862482,0.8025272291029049,0.01922963069228878,0.00859975228203481
PCA-n,10,GI,5,10.0,0.8414907491128527,0.008987191899300567,0.004019194402734302,0.4195076385385116,0.012113166125419055,0.00541717257583695,0.41454712824402334,0.014664386986628869,0.0065581132300930895,0.7604421230339841,0.017209160535951912,0.0076961705588190375
PCA-n,10,QUC,5,10.0,0.8072586480998056,0.016143468091086244,0.007219578408853521,0.42307852569657606,0.06218084884275395,0.02780812098220739,0.44065988775474374,0.034028747118218634,0.015218118349097387,0.7407304598399598,0.024834245941968782,0.011106212419238098
PCA-n,10,QUO,5,10.0,0.9370574954933014,0.0036682377537227986,0.0016404857949910618,0.8186613376157252,0.020940428793460093,0.009364844452034135,0.7393604885948962,0.011780785390674276,0.00526852739237682,0.860050944963282,0.009431920814659406,0.004218083219994725
PCA-n,10,REC,5,10.0,0.8926543820104789,0.007122181379208272,0.0031851363423985807,0.6202590318439654,0.02065274209169813,0.009236187047761642,0.5710795311739711,0.017095014407878393,0.00764512285847088,0.8097216195046555,0.0089889793728105,0.0040199937851895405
PCA-n,10,RES,5,10.0,0.8462812775203334,0.022295109775745673,0.009970676204877483,0.34713656986872127,0.02658748003745055,0.011890282542831617,0.34286164838669314,0.03066725370915522,0.013714812795380726,0.7617130842912783,0.03609220517422579,0.0161409248454877
PCA-n,10,SU,5,10.0,0.9010036808299177,0.01746991404852942,0.007812783074718069,0.22918856142982796,0.03745134779270351,0.01674875190269435,0.21354540725789772,0.01661598808697332,0.007430895775159805,0.8253264014859756,0.033059976210366916,0.014784870828181262
PCA-n,20,AF,5,20.0,0.9247452403994612,0.01746081587905293,0.007808714249634019,0.5269424042688942,0.0402187822088585,0.01798638619825335,0.37360618421409686,0.0112768423671164,0.0050431572208843815,0.8397383551561702,0.03530960192301469,0.015790934031663626
PCA-n,20,GI,5,20.0,0.865233225293015,0.009477173263882518,0.004238320730516973,0.4687162917623199,0.023741921329012018,0.010617710001624604,0.44952798524698345,0.017433178890980856,0.007796354612829517,0.7843922487636965,0.008373691570318613,0.0037448287147698756
PCA-n,20,QUC,5,20.0,0.8919471874542426,0.019656495122803177,0.008790651858796196,0.6489132790970672,0.062277375098043875,0.027851288835895747,0.573684733624757,0.025111854767342165,0.01123036286017585,0.815816224883817,0.00966105171193831,0.004320553672406956
PCA-n,20,QUO,5,20.0,0.9456497409818944,0.0020354488264617415,0.0009102803881381253,0.8435117580056634,0.011233681653612522,0.005023855163013969,0.7621990377924208,0.012123913187042222,0.005421978807906506,0.8724440379876774,0.009018290715576409,0.0040331022161768145
PCA-n,20,REC,5,20.0,0.9136682632923231,0.0034260623196619047,0.0015321816483829266,0.6875011017141512,0.009566952815551153,0.004278471366621077,0.6149747322652651,0.01643798377088442,0.007351289824947177,0.8375791697741214,0.009384381960915785,0.004196823198286094
PCA-n,20,RES,5,20.0,0.8529532617334381,0.01695828759358967,0.007583976768251565,0.3497363708399442,0.01721464904809417,0.007698625096068122,0.3505179144796854,0.02785838915282735,0.012458650377872945,0.7675287578190335,0.03311066561918048,0.014807539820950543
PCA-n,20,SU,5,20.0,0.9051276112901323,0.012356106825274533,0.005525818959712594,0.23990989671041038,0.05347915893909756,0.023916606953467538,0.22106912448599783,0.028085056912120997,0.012560019281490576,0.8210373966888442,0.03660504690006212,0.01637027463762137
PCA-n,50,AF,5,50.0,0.9447289865009886,0.008100717714178116,0.0036227510950877957,0.607452944002343,0.04324725636950026,0.019340761016512668,0.47800823322748726,0.04065728593515577,0.01818249102633088,0.8722574813045763,0.030276546263371038,0.013540083113762978
PCA-n,50,GI,5,50.0,0.8907996383042468,0.009507646798690341,0.004251948909585972,0.5418998563180499,0.03315228359082689,0.01482615194368795,0.49757316932325624,0.01742710179635746,0.007793636853492795,0.809598431098874,0.01987835220214841,0.008889869360937297
PCA-n,50,QUC,5,50.0,0.9114650000936827,0.01841895486375597,0.008237207029971745,0.6953855316945741,0.06263666142498157,0.028011966565979526,0.6118025463286006,0.025802089156585273,0.011539045063126977,0.8316462062260843,0.017245207794352752,0.007712291382856393
PCA-n,50,QUO,5,50.0,0.9566694567460651,0.0021025581166344946,0.0009402925750877322,0.8850975688480114,0.006393375122751269,0.0028592042760255797,0.7868771934943833,0.009409575176564496,0.00420808994683856,0.8874214341934529,0.007451351605978605,0.0033323457430440777
PCA-n,50,REC,5,50.0,0.9301471493368408,0.0037166731986034447,0.0016621467844457757,0.7424146313461217,0.012361194744359422,0.00552809434630016,0.6499545034811532,0.02281508471337991,0.010203216066306756,0.8530400836207683,0.0069658472526938214,0.0031152215955807076
PCA-n,50,RES,5,50.0,0.8677990787265066,0.018273143201910376,0.008171998072411953,0.3659453150352304,0.04273843061125164,0.01911320721968331,0.3805593012658807,0.016563807216250247,0.007407559780347421,0.7864732370606452,0.02165995370540022,0.009686625774954669
PCA-n,50,SU,5,50.0,0.9165776127303943,0.015738272185914937,0.007038369291220001,0.33365041233647774,0.05330222437191714,0.02383747940951055,0.27490526436818213,0.01444253559290098,0.0064588982706373635,0.826847421008938,0.02777260240619257,0.012420285378464162
PCA-n,100,AF,5,100.0,0.9485786228990081,0.008457453539775237,0.00378228820629673,0.6955946786508153,0.03747948406481979,0.016761334826111435,0.5362446738281553,0.0114223480105644,0.005108229322856297,0.868874187468459,0.014689068470736427,0.006569151125343106
PCA-n,100,GI,5,100.0,0.9051626975845328,0.006868173414143555,0.003071540527056361,0.5966196311384933,0.03371685403240037,0.015078635520777026,0.5193659193767771,0.02357302975244533,0.01054217939241856,0.8151069796205309,0.006342832960149526,0.002836601133764111
PCA-n,100,QUC,5,100.0,0.9093747385042713,0.020001983422061703,0.008945158923310766,0.6901260915758222,0.06176891480035953,0.02762389847799935,0.6205635452525432,0.031104099027976655,0.013910175961088187,0.8346305173867196,0.022521734244567375,0.010072025748407504
PCA-n,100,QUO,5,100.0,0.9613283752626727,0.003442603325745794,0.0015395790111868894,0.8984722980597766,0.007452044091684717,0.0033326554320665404,0.8046028914689003,0.007764023362341596,0.0034721768034184576,0.8964579231590308,0.008536268157824082,0.0038175351750123097
PCA-n,100,REC,5,100.0,0.9355800042869218,0.0050279588896495276,0.0022485715730661414,0.7557664249882035,0.019601946001817857,0.008766256750268988,0.6677092730368356,0.02444820863342956,0.010933571286489146,0.8624387567910837,0.014675702153290887,0.006563173526459692
PCA-n,100,RES,5,100.0,0.8723869096510221,0.024790638350104224,0.011086710511289254,0.41202475731988286,0.05628784309594038,0.02517268869387298,0.40231926774916377,0.03230615236747624,0.014447750557028528,0.7927310936342615,0.0394011466878266,0.01762072847708419
PCA-n,100,SU,5,100.0,0.9125495074838057,0.027291723052447207,0.012205229593674002,0.43603269428288466,0.11140704156253207,0.04982274362119322,0.3214390867169608,0.05539157846612509,0.024771866966253844,0.7928382883796982,0.06102216547560897,0.02728994202754049
PCA-n,200,AF,5,200.0,0.9563498090119191,0.005707250651588053,0.002552360084316171,0.7338662088904812,0.02666269688468935,0.011923920539527452,0.6521088251837899,0.03018025459174608,0.01349702016907888,0.8802469812604692,0.01595044555030687,0.00713325610437904
PCA-n,200,GI,5,200.0,0.9005478911387375,0.012730760407022302,0.005693369135072951,0.5870932403272863,0.04528660227801193,0.0202527842327263,0.534765472754952,0.024031719147678814,0.010747311526078626,0.8106509828481714,0.014018227605919146,0.0062691419701798685
PCA-n,200,QUC,5,200.0,0.9150788166480668,0.017220170893645227,0.007701094540470806,0.6927730389018794,0.06258996630285855,0.027991083872522582,0.6434123595291039,0.028632528798004018,0.012804856152011466,0.8421582645337047,0.019147143928884246,0.008562863079991514
PCA-n,200,QUO,5,200.0,0.9618722648318954,0.0025094055269078643,0.0011222402682559323,0.9005629871262671,0.009091440543516988,0.004065815813740324,0.8125863886463838,0.007223476472389367,0.0032304368852266014,0.8965632288228262,0.007747614202632882,0.0034648384041059905
PCA-n,200,REC,5,200.0,0.9372509952094834,0.006182115938130141,0.0027647262964887757,0.7636725807933077,0.009988344951423698,0.004466923658820045,0.683916110370417,0.03091226408851504,0.013824384768069041,0.8595087823498082,0.016889696789803534,0.007553302028272136
PCA-n,200,RES,5,200.0,0.8637434059623541,0.028711987468379583,0.012840391149683767,0.40653965669068104,0.06597302158377298,0.029504032188475443,0.3963715071718729,0.03634820393531832,0.016255410971879426,0.7615294949866943,0.044238200279879965,0.019783924605612364
PCA-n,200,SU,5,200.0,0.9053498956311371,0.04971577727059941,0.022233571506259844,0.5022529314438118,0.10752179992828924,0.04808521074055735,0.4611342593156171,0.05416569329115956,0.024223634449487417,0.7963535132328969,0.05294668953310707,0.023678479395920802
Random SAE-n,10,AF,100,10.0,0.5774915878300113,0.06989181021656293,0.006989181021656294,0.09773499194417884,0.07774565535293929,0.007774565535293929,0.13688293915026958,0.06790276853349293,0.006790276853349294,0.5619366023381681,0.0644380529747982,0.00644380529747982
Random SAE-n,10,GI,100,10.0,0.5364046727892382,0.028358719161657376,0.0028358719161657377,0.1476043878573513,0.019663777477985627,0.0019663777477985627,0.17663661736373362,0.05437508435360245,0.005437508435360245,0.526937466789148,0.020126006745917843,0.002012600674591784
Random SAE-n,10,QUC,100,10.0,0.5408474575600506,0.032370449552508576,0.0032370449552508577,0.1633572029939239,0.02940947582498626,0.002940947582498626,0.2328234756835252,0.051220377731323714,0.005122037773132372,0.5312617815585405,0.029315195731312443,0.0029315195731312443
Random SAE-n,10,QUO,100,10.0,0.5541002131539347,0.030682804114000164,0.0030682804114000165,0.26406424246431914,0.030835659934892196,0.0030835659934892196,0.33768535794527854,0.06951507169447253,0.006951507169447253,0.5444369898504041,0.027814651570624918,0.002781465157062492
Random SAE-n,10,REC,100,10.0,0.557267970711746,0.0355157603574026,0.00355157603574026,0.20344980426998155,0.02585010363704701,0.0025850103637047013,0.2344967739262638,0.07226681548352695,0.007226681548352695,0.5479018672376224,0.029797957671939622,0.0029797957671939624
Random SAE-n,10,RES,100,10.0,0.5367743610785822,0.03253369314004192,0.003253369314004192,0.09299653148132052,0.007869538908918212,0.0007869538908918212,0.15894849464894492,0.022618659173319643,0.0022618659173319644,0.5348297304811243,0.028377903830037243,0.0028377903830037244
Random SAE-n,10,SU,100,10.0,0.5613758335282107,0.04271184572791854,0.004271184572791855,0.04332254145173337,0.016656057466713114,0.0016656057466713115,0.07165829765701816,0.023626673268338356,0.0023626673268338358,0.5488771915104491,0.03456306675534842,0.0034563066755348417
Random SAE-n,20,AF,100,20.0,0.581541916438101,0.04311004704162192,0.004311004704162192,0.07934179085357883,0.02392248215195665,0.002392248215195665,0.12081772523074846,0.022924610508088087,0.0022924610508088085,0.5627496972831009,0.03221893012797668,0.003221893012797668
Random SAE-n,20,GI,100,20.0,0.5708453653761125,0.04040848822790376,0.004040848822790375,0.16793243065663802,0.0241790243697174,0.00241790243697174,0.21274873616985168,0.04486710744953785,0.004486710744953785,0.5533454805499642,0.03378127163580662,0.003378127163580662
Random SAE-n,20,QUC,100,20.0,0.561966886133271,0.03503569508486458,0.003503569508486458,0.17180561288958074,0.026447087177369575,0.0026447087177369575,0.24449460173320425,0.03383711815614991,0.003383711815614991,0.5413218244166215,0.027760159909374475,0.0027760159909374473
Random SAE-n,20,QUO,100,20.0,0.5877590820930803,0.05432583595987655,0.005432583595987655,0.29608571109684645,0.06150168543428545,0.0061501685434285445,0.38517706569778704,0.05521773581019819,0.005521773581019819,0.5674428882504519,0.045498439857381306,0.0045498439857381305
Random SAE-n,20,REC,100,20.0,0.6036847337834338,0.05519773927035374,0.005519773927035374,0.24638233143635607,0.05217193874279413,0.005217193874279413,0.3020150695946975,0.06394731364771374,0.0063947313647713735,0.5815404299175071,0.045071582035637034,0.004507158203563703
Random SAE-n,20,RES,100,20.0,0.5645596397546221,0.04227006302810142,0.004227006302810142,0.10272277869041291,0.014988634263056988,0.0014988634263056989,0.16911018726610533,0.01725960803560937,0.0017259608035609369,0.553672165746585,0.035781269464582675,0.0035781269464582677
Random SAE-n,20,SU,100,20.0,0.5955813550654502,0.06247843914462196,0.0062478439144621955,0.05895046812020952,0.03320607258026229,0.0033206072580262294,0.07227126707502944,0.02240736231848272,0.002240736231848272,0.5689784969819249,0.05178762869941829,0.005178762869941829
Random SAE-n,50,AF,100,50.0,0.6579542082575449,0.05743136836979652,0.0057431368369796525,0.1204035491293988,0.05475344380033877,0.005475344380033878,0.14056039652614571,0.022963259434858375,0.0022963259434858373,0.6148083158440699,0.0439069640497665,0.004390696404976651
Random SAE-n,50,GI,100,50.0,0.6107462389140857,0.03726466190999584,0.003726466190999584,0.1995363899171891,0.03329220686392434,0.003329220686392434,0.2522357601383709,0.02780378018762229,0.0027803780187622288,0.5794229795677929,0.028288778310497552,0.002828877831049755
Random SAE-n,50,QUC,100,50.0,0.6053555120326197,0.04340375421989282,0.0043403754219892825,0.20306537669762104,0.04212389130341981,0.004212389130341981,0.2733587037525144,0.03171681062012279,0.003171681062012279,0.5761838158201407,0.03587736652135795,0.0035877366521357952
Random SAE-n,50,QUO,100,50.0,0.6643298017492623,0.05303809736370149,0.005303809736370149,0.3870944372958401,0.08352892702133491,0.008352892702133491,0.4295348649837301,0.05354025899737695,0.005354025899737695,0.6190654819626376,0.046318068715910536,0.004631806871591053
Random SAE-n,50,REC,100,50.0,0.6834418924202478,0.04303999267892881,0.004303999267892881,0.32271305036734693,0.05084086246419231,0.005084086246419231,0.3740531947276734,0.04098032673988393,0.004098032673988393,0.6364268370661652,0.03462964334619579,0.003462964334619579
Random SAE-n,50,RES,100,50.0,0.6090257051484507,0.04283116515168269,0.004283116515168269,0.12008653892409617,0.020969993413623534,0.0020969993413623533,0.18467654604439296,0.01688256966649453,0.001688256966649453,0.5847082313873992,0.03291502504820891,0.003291502504820891
Random SAE-n,50,SU,100,50.0,0.6775736478610367,0.06293029169293736,0.006293029169293736,0.08454559215983724,0.03968323476515716,0.003968323476515716,0.08627299215105876,0.01566669326652835,0.0015666693266528351,0.6272382970313436,0.052356736663375265,0.0052356736663375265
Random SAE-n,100,AF,100,100.0,0.7275339898456097,0.04845055146694394,0.0048450551466943945,0.16393001923299402,0.06232867644512254,0.006232867644512254,0.17794791750826225,0.0317975076523763,0.00317975076523763,0.6752404517998513,0.04421981987186108,0.004421981987186107
Random SAE-n,100,GI,100,100.0,0.660813502310189,0.028415355132307727,0.0028415355132307726,0.25036261183898323,0.035385859573112625,0.0035385859573112627,0.28768671049386796,0.025135382925420398,0.0025135382925420397,0.6166890661322004,0.025164403842752515,0.0025164403842752514
Random SAE-n,100,QUC,100,100.0,0.6670396728330386,0.03931660602224466,0.0039316606022244665,0.2709496237791815,0.054554786168959084,0.005455478616895908,0.3100061816750417,0.03317032038416128,0.003317032038416128,0.6192560051459969,0.03220199364587802,0.003220199364587802
Random SAE-n,100,QUO,100,100.0,0.7264928019723317,0.045686114028846384,0.004568611402884638,0.46375398148372166,0.08063924029060952,0.008063924029060952,0.47948810609868675,0.04710312415798978,0.004710312415798978,0.666373010972722,0.038691851767007325,0.0038691851767007324
Random SAE-n,100,REC,100,100.0,0.7274401076526985,0.04248274573037742,0.004248274573037742,0.37085870372495827,0.0577528628011891,0.00577528628011891,0.41428854020341666,0.04078304176869894,0.004078304176869893,0.6720084132154466,0.0353454905943695,0.00353454905943695
Random SAE-n,100,RES,100,100.0,0.6520361890595785,0.04223858150382525,0.004223858150382525,0.1424018641482926,0.025262130461943866,0.0025262130461943867,0.2061414611696346,0.021413605227864507,0.0021413605227864506,0.6168842701223004,0.03624601219916775,0.003624601219916775
Random SAE-n,100,SU,100,100.0,0.7317900311419412,0.05592146813896016,0.005592146813896016,0.11216759260363021,0.057451954734706386,0.005745195473470638,0.1194862730565801,0.03291265805819765,0.0032912658058197653,0.6775894380451852,0.05576406013568016,0.0055764060135680155
Random SAE-n,200,AF,100,200.0,0.767434126234547,0.03740586808671846,0.0037405868086718462,0.21627952390355282,0.06726978466957716,0.006726978466957715,0.22498829966078904,0.033978077972225025,0.0033978077972225025,0.7096012459607308,0.03486743520514526,0.0034867435205145256
Random SAE-n,200,GI,100,200.0,0.6966643653470925,0.03362737490190445,0.003362737490190445,0.27395851772762836,0.03730292440756887,0.003730292440756887,0.3161128807464603,0.025173524486136235,0.0025173524486136233,0.6470624177035483,0.027009828287378093,0.0027009828287378095
Random SAE-n,200,QUC,100,200.0,0.7088740667028759,0.03946783419308182,0.0039467834193081825,0.31628006306168255,0.06586312254581494,0.006586312254581494,0.35518324136397034,0.04741208383591023,0.004741208383591023,0.6593420778317263,0.03572082309833284,0.003572082309833284
Random SAE-n,200,QUO,100,200.0,0.7703534717232096,0.04243353233378701,0.004243353233378701,0.5279745683830551,0.08610373324678938,0.008610373324678938,0.5259539159525637,0.0546629320316841,0.00546629320316841,0.7073082430697332,0.04023382004483542,0.004023382004483542
Random SAE-n,200,REC,100,200.0,0.7703763809000702,0.028113459656576436,0.0028113459656576435,0.433428932559609,0.043676341959203877,0.004367634195920388,0.4596797081735827,0.030824467478606465,0.0030824467478606466,0.7084534070750537,0.024571515527547685,0.0024571515527547685
Random SAE-n,200,RES,100,200.0,0.6993785308827717,0.03843705518285239,0.003843705518285239,0.1722245551712383,0.030762494783320212,0.003076249478332021,0.2410025213177466,0.02665313664178455,0.002665313664178455,0.6536330103169468,0.03553089282226066,0.0035530892822260656
Random SAE-n,200,SU,100,200.0,0.773402613283963,0.0509545925448061,0.00509545925448061,0.12786160463677634,0.042427670311494914,0.0042427670311494916,0.14877853372087263,0.031245296231623646,0.0031245296231623646,0.704436366277426,0.053388963447943236,0.005338896344794323
Stable Core SAE,-1,AF,5,43.0,0.904704010689837,0.03445386642629476,0.015408237483378566,0.5803128338566477,0.07901267240941387,0.0353355413182743,0.49271166230888824,0.03959847619081731,0.017708976913614886,0.8518831492729346,0.026663464292346152,0.011924263734664865
Stable Core SAE,-1,GI,5,26.0,0.7336554084387461,0.03313899303036317,0.014820208224356759,0.4312992047549661,0.04356351653539292,0.01948219686241494,0.4163746854732938,0.031482626611626346,0.014079458642768076,0.7014933484483173,0.030862416895143702,0.013802092425495863
Stable Core SAE,-1,QUC,5,40.0,0.9087912495355696,0.02060021882728115,0.00921269792983433,0.6584459390520289,0.0819370262844841,0.03664335212925869,0.60271711556119,0.030151563271768888,0.01348418902071224,0.8317101740293971,0.01813461677080061,0.008110047169083577
Stable Core SAE,-1,QUO,5,42.0,0.9441998713960121,0.00778667011272679,0.0034823047380846102,0.8449310529599451,0.02285494186616412,0.010221040726909774,0.7667050974985499,0.011436905244205172,0.00511473951565332,0.8730841631698212,0.009255939209486894,0.004139381853603672
Stable Core SAE,-1,REC,5,46.0,0.8755002589007285,0.015744202067871377,0.0070410212150506316,0.6488426305632137,0.028911893619046152,0.012929791898085921,0.5717041035944564,0.02772425053534051,0.012398661764451263,0.7863238505735133,0.01793984508259579,0.008022942622099903
Stable Core SAE,-1,RES,5,14.0,0.7593080519883467,0.030532102251476997,0.013654371226055388,0.2840669705112701,0.042938603813172486,0.019202727397037073,0.30079088197722886,0.014982526642170821,0.006700389609319124,0.7024221650497187,0.03041798419420735,0.013603336079352359
Stable Core SAE,-1,SU,5,17.0,0.8433265357948588,0.06309352676138454,0.028216282955731593,0.44959087109787743,0.1024450673767116,0.04581482692277463,0.24030799886995768,0.01975912106565695,0.008836547575691404,0.7773837875356222,0.04413335530586551,0.01973703650781326
Top-n SAE,10,AF,5,10.0,0.8763200296517205,0.027256962944580625,0.012189684400855022,0.5907799507160062,0.05899842422229909,0.026384897425286186,0.4761989533274426,0.03471184065538075,0.01552360706591444,0.8303439583078684,0.026248792157947523,0.01173881671848681
Top-n SAE,10,GI,5,10.0,0.6513462241788176,0.02283645833431976,0.01021277464017612,0.30639205330550456,0.026771472295635316,0.011972566382158581,0.35529899639895196,0.018893681297522245,0.008449511145295234,0.6407644431583331,0.01567596413368542,0.00701050428315384
Top-n SAE,10,QUC,5,10.0,0.8743091305260224,0.025749510816033147,0.011515531314403239,0.5645173995169128,0.05719271304350252,0.025577358836582104,0.5197642866467348,0.026401167942290908,0.011806961240870143,0.7833661302790829,0.01953534606077931,0.008736472351177055
Top-n SAE,10,QUO,5,10.0,0.9305468951727598,0.006969094794493704,0.00311667394042557,0.7835119377363167,0.02892551102899697,0.012935881788951421,0.7494918359258776,0.01661171868261911,0.007428986439487917,0.8657566586667705,0.010695484333540251,0.004783166004416007
Top-n SAE,10,REC,5,10.0,0.821310791039507,0.042021392247821816,0.018792537915062454,0.5490644144996407,0.05436123925179669,0.02431108526162944,0.5390520790222164,0.04534882177850374,0.020280609639251452,0.7560959679738881,0.03601699072474397,0.016107287921101388
Top-n SAE,10,RES,5,10.0,0.7564167469921814,0.026765902199642942,0.011970075359502553,0.27181492173656696,0.029786908511196232,0.013321110454120365,0.29735966745598436,0.021980398593420974,0.009829933085486011,0.6929355480963675,0.030605753878701274,0.01368730923508078
Top-n SAE,10,SU,5,10.0,0.7604015143591312,0.056375700889427685,0.02521197989359113,0.2695952936625311,0.1121015006025902,0.050133315145425066,0.2007858218968889,0.04009441352899136,0.017930766833762383,0.7157158127012443,0.05799387334762205,0.02593564861675924
Top-n SAE,20,AF,5,20.0,0.9010846374878827,0.021786151205245533,0.009743063012603597,0.6066645691654955,0.06821555735283621,0.030506924672795473,0.47400398374130975,0.018787083971441285,0.008401839371827886,0.8335556344685999,0.02749593985932963,0.01229655812614141
Top-n SAE,20,GI,5,20.0,0.7055695907994834,0.04804371875592129,0.021485804206024327,0.38301667154276287,0.05076175189002661,0.022701345576615583,0.39274106605330655,0.041985386049141725,0.018776435453490444,0.680511229997986,0.03817059654853006,0.017070409724846414
Top-n SAE,20,QUC,5,20.0,0.8935042225883689,0.023457717286433515,0.010490610089887449,0.5973419713359203,0.07073616531953722,0.03163417482442967,0.5544607424296659,0.03895227961761374,0.017419989020712765,0.8008898699405549,0.025616073813852835,0.011455856472885446
Top-n SAE,20,QUO,5,20.0,0.936131845102478,0.0066315667646207445,0.002965726816604066,0.8148575754200345,0.02489811150348475,0.011134773966632278,0.7501131347454609,0.012466258272831496,0.005575080184624069,0.8651599387243272,0.007973855477342683,0.0035660165780194543
Top-n SAE,20,REC,5,20.0,0.8575628880562581,0.021198375209417083,0.009480201596160587,0.6093172673600693,0.034834211815870375,0.015578333112582509,0.5692179218614223,0.039484580535823335,0.01765804122823321,0.7826293330469316,0.02473387875779327,0.011061326849932761
Top-n SAE,20,RES,5,20.0,0.751679659484676,0.03968217193944682,0.01774640679028755,0.26215413897576006,0.030219200846689914,0.01351443746378357,0.3021834329741458,0.01637074953685363,0.007321221761405584,0.6899336596368502,0.03236866967201883,0.014475709145573985
Top-n SAE,20,SU,5,20.0,0.8300099315998303,0.06606288912691188,0.029544222175561338,0.31320442283030814,0.11605960771835094,0.051903434460038395,0.2312580483877821,0.04198362339142841,0.018775647168996837,0.7714583120893905,0.0721890559399856,0.03228392726266856
Top-n SAE,50,AF,5,50.0,0.9039759339283029,0.027969714888180536,0.01250843676025192,0.5730664521519525,0.06408198141604202,0.028658333315829634,0.4926696206761914,0.0486698384456291,0.021765813443671875,0.8437386898182357,0.026360406188617614,0.011788732030451025
Top-n SAE,50,GI,5,50.0,0.7373920378742965,0.03653709658266343,0.016339886331862136,0.41470801684611613,0.05604441727687687,0.025063825358092064,0.4030353719004781,0.04595385697412425,0.02055118960448892,0.6888392613924167,0.035854813927004084,0.01603476025227746
Top-n SAE,50,QUC,5,50.0,0.911953012329275,0.02015232139070792,0.009012392106809201,0.6684064535635026,0.0692292266988894,0.03096025138569201,0.6037797789319088,0.03165417096442034,0.01415617560956879,0.8285540062338568,0.022566894646840596,0.010092222094282335
Top-n SAE,50,QUO,5,50.0,0.9466303117265575,0.00747380005841573,0.003342384996171894,0.850313740742988,0.021859248473240386,0.009775753104644798,0.7695513112406088,0.011055003296298683,0.004943947772401621,0.8754528740742316,0.00812912820393893,0.0036354566523636436
Top-n SAE,50,REC,5,50.0,0.8724523105989302,0.01676467664371598,0.00749739131923039,0.6431236993473692,0.02772030383344028,0.012396896745704095,0.576682246039632,0.03541359635038027,0.01583744175343775,0.789564251634078,0.02536923027778838,0.011345464687596138
Top-n SAE,50,RES,5,50.0,0.7671717604990761,0.04417431870703139,0.01975535589773256,0.26640780987306834,0.057609101786613506,0.025763573543514474,0.3072055740718229,0.029508365387232057,0.013196542182150557,0.6959036452614163,0.04722946595929459,0.021121659285199004
Top-n SAE,50,SU,5,50.0,0.8523814843580142,0.05857288255907705,0.026194589408041622,0.35818139483968037,0.03377376241381249,0.015104085722642421,0.28926477644480086,0.021301326636329297,0.009526242873951849,0.8166934045951612,0.04860217231951254,0.021735552232117733
Top-n SAE,100,AF,5,100.0,0.9139769412016381,0.03034394403102277,0.013570224311763178,0.5762215758901379,0.06574047932970717,0.029400036130929005,0.4837836622093348,0.047085343639940616,0.02105720582456892,0.8360865415654903,0.03163508060541397,0.014147638141478168
Top-n SAE,100,GI,5,100.0,0.7518065290979408,0.03737248526285443,0.01671348350717032,0.4279398391005299,0.047673873017771165,0.02132040416368587,0.4095513311185684,0.032519429884206655,0.014543131162124839,0.6952476341002474,0.021747535224900704,0.00972579342118983
Top-n SAE,100,QUC,5,100.0,0.9115907921429385,0.02464596202351282,0.011022009291090587,0.651441025117594,0.07191846222776563,0.03216291407570698,0.6157713797194704,0.03851193096214431,0.01722305911522671,0.83656349147967,0.022171713115782195,0.00991549154090253
Top-n SAE,100,QUO,5,100.0,0.9539032032805927,0.0060097916648681506,0.0026876605386513637,0.8715255741520463,0.020710295038416423,0.009261925507995148,0.7863630764110214,0.014026472462601644,0.006272829182181231,0.8843446345680034,0.010528033129980857,0.004708279549601415
Top-n SAE,100,REC,5,100.0,0.8826979440630621,0.016709391149528068,0.007472666894595622,0.6617045305802255,0.03217091296301235,0.014387269656704959,0.5958980492223459,0.019793909104573862,0.008852105259655829,0.802964490509062,0.020181129267659904,0.009025275381039618
Top-n SAE,100,RES,5,100.0,0.7898857657375432,0.04612507864033074,0.02062776226146062,0.2696892758890654,0.0593586151389059,0.02654597970016834,0.3282288895946555,0.02735345980333065,0.012232839108011071,0.7147077382780977,0.03403975542749008,0.015223041414667047
Top-n SAE,100,SU,5,100.0,0.8545508311005211,0.040385658716735745,0.01806101564134561,0.3516235789862494,0.05631726460324789,0.025185846391941,0.27795664268451764,0.026470652549918136,0.011838035702079018,0.7694960199947725,0.03742132731311222,0.016735326336077695
Top-n SAE,200,AF,5,200.0,0.8740100027416734,0.034008043952627326,0.015208859611975068,0.5439871182913322,0.05185053436281532,0.02318826390098876,0.4717513270822741,0.03520597120553908,0.01574458896589712,0.8077819105557268,0.031588490234302,0.014126802294097504
Top-n SAE,200,GI,5,200.0,0.7553811959920919,0.034462398994426886,0.015412053363851782,0.4123977948471255,0.04555134900311095,0.02037118256755467,0.4023489178938247,0.02444603570639063,0.010932599523975307,0.6936733688221308,0.018038671702997108,0.008067139230340685
Top-n SAE,200,QUC,5,200.0,0.9041156675126532,0.013637786654775918,0.006099003604543682,0.6286565652575774,0.05933691648491833,0.02653627576710105,0.6244987096340687,0.023792504423422907,0.01064033144914761,0.8297777781483664,0.014278110017304054,0.0063853649177825125
Top-n SAE,200,QUO,5,200.0,0.9496254794606763,0.009988338098130614,0.004466920593934203,0.8672844872609937,0.02295028582460604,0.010263679841373784,0.7839851512355193,0.015769315099542977,0.0070522521042383915,0.8804934972283908,0.011472966087366341,0.005130866414980186
Top-n SAE,200,REC,5,200.0,0.8874493456677977,0.01230723183043762,0.005503961397541536,0.6635919430062709,0.040952938990023724,0.018314711092018925,0.6066810391301886,0.024111849963968635,0.010783147116541944,0.8065946130967736,0.01643432369416186,0.007349652988876277
Top-n SAE,200,RES,5,200.0,0.7859444904475088,0.043657926567778116,0.01952441831244919,0.2648408018200721,0.060482897035952804,0.027048773849702203,0.326762255212434,0.03833086735479514,0.017142085008369896,0.703604129036897,0.04060677680619962,0.018159902657164828
Top-n SAE,200,SU,5,200.0,0.8072123619665355,0.04033269610526932,0.018037330041444644,0.3419387038145322,0.041501511842265526,0.018560040329663647,0.318506233335177,0.032859197843881756,0.014695080013006826,0.7577896084608844,0.03152950656254211,0.014100423994173975
