feature_id,latent_idx,spearman_rho,pearson_log_activation,positive_vs_zero_auroc,high_vs_weak_pair_accuracy
F001,20808,0.7780773199906728,0.8563466957385261,0.7266666666666666,1.0
F002,11435,-0.0017857171328420863,0.03846266452347686,0.35333333333333333,0.68
F003,28269,0.5803639769724189,0.6717128681506677,0.8,0.88
F004,29759,0.34524964399436053,0.3566908324228777,0.6066666666666667,0.8200000000000001
F005,1516,-0.034185696924566786,0.025458593798133866,0.5666666666666667,0.4
F006,19435,0.9447321583914828,0.8045582555342782,1.0,1.0
F007,8468,0.4797242461390758,0.39040095150568,0.7733333333333333,0.84
F008,2767,0.9060154247751385,0.8440712787636072,0.9733333333333333,1.0
F009,26319,0.7790392102603778,0.7786809055379893,0.9,0.8
F010,17442,0.8941321346607786,0.7872032162068496,1.0,0.98
F011,32727,0.07427248203475131,0.0006931247402722851,0.4733333333333334,0.64
F012,29701,0.08422047647091392,-0.1019693904627396,0.6733333333333333,0.30000000000000004
F013,31930,0.9323930511607764,0.9747904215968127,1.0,1.0
F014,13966,0.8684291194187799,0.841564599867049,0.9600000000000001,0.96
F015,31133,0.8620383757148141,0.8385597637402987,1.0,1.0
F016,20436,0.2818262692353363,0.22860450389210224,0.56,0.68
F017,26800,0.8079073532641041,0.8204718044226785,0.9733333333333334,1.0
F018,3993,0.5993260947855493,0.5124899156302353,0.9400000000000001,0.62
F019,30224,0.4067032702833432,0.36295242380989895,0.7666666666666666,0.6
F020,16292,0.8883952367740732,0.883005670415945,0.94,1.0
F021,10181,0.47533380219981114,0.4709329936100389,0.6933333333333334,0.88
F022,15068,0.8857846633920784,0.7559415695684911,0.9333333333333333,1.0
F023,21800,0.7011127826198503,0.6415115079775721,0.9066666666666666,0.76
F024,23670,0.7889908256880733,0.7240735281784736,1.0,0.84
F025,29874,0.7791353748805582,0.763090667817778,0.96,0.92
F026,29190,0.848954452674845,0.8369717709189206,0.9666666666666667,0.88
F027,3805,0.18085362232488655,0.1175526757176179,0.7533333333333334,0.30000000000000004
F028,19005,0.8189302135100733,0.7972497720549316,0.9466666666666667,1.0
F029,7054,0.6683034473938809,0.6596167357321825,0.8,0.8600000000000001
F030,28688,0.8189923768320843,0.8721150378007116,0.9933333333333334,1.0
F031,2089,0.6585517250321443,0.2553353718603669,0.9800000000000001,0.72
F032,30091,0.4073122879606277,0.4106249483220581,0.78,0.64
F033,22558,0.777396009322134,0.8033216870970676,0.9533333333333334,0.9
F034,111,0.5815350350866437,0.5095016961890301,1.0,0.48
F035,12852,0.2428019511244029,0.20746281915230752,0.5933333333333334,0.74
F036,14875,0.9436794498892882,0.8816197255315463,1.0,1.0
F037,5663,0.8690501666394389,0.8993263892272472,1.0,1.0
F038,11405,0.60496081496844,0.6263373529641831,0.76,0.84
F039,31867,0.8797605450844702,0.8852396143937887,0.9733333333333334,1.0
F040,26968,0.5633822817817787,0.5942530541513886,0.76,0.78
F041,8034,0.5776211295358815,0.26885091732809596,0.9400000000000001,0.62
F042,13169,0.6869037446412347,0.6573335283379271,0.8666666666666667,0.84
F043,32596,0.5073435849047733,0.28346769803623684,0.72,0.8200000000000001
F044,1455,0.5633217243580987,0.6114768961273225,0.9266666666666666,0.68
F045,4018,0.628710475255498,0.5913478319145287,0.76,0.96
F046,3416,0.7408089672571476,0.7806693653845737,0.9733333333333334,0.8
F047,8583,0.698040173005082,0.748076154480669,0.86,0.92
F048,31915,0.5528244782783142,0.5187000841904107,0.8333333333333334,0.72
F049,16745,0.5957945881334935,0.5378263963338176,0.8466666666666667,0.8
F050,2995,0.1685516748423802,0.008282090893635517,0.5399999999999999,0.54
F051,1211,0.8571699967558178,0.865196193819865,0.8133333333333332,1.0
F052,21741,0.5865711863558173,0.6639866611371339,0.8466666666666667,0.8200000000000001
F053,15396,0.8171233652418531,0.892974861692222,0.9666666666666667,0.86
F054,16256,0.5823924329963369,0.6746893299451989,0.8200000000000001,0.84
F055,15075,0.6004721476333973,0.5561462991034569,0.72,1.0
F056,26869,0.5935349414956731,0.5879087926498007,0.9666666666666667,0.68
F057,9959,0.6778302010921357,0.6238564296117708,1.0,0.72
F058,664,0.7761157295400685,0.7665196482942067,0.9199999999999999,0.9400000000000001
F059,13430,0.8415154037136138,0.8904709272224051,0.9466666666666667,1.0
F060,23183,0.9609973441828747,0.935439156696605,1.0,1.0
F061,24744,0.8952397192571996,0.8872483516150887,0.8999999999999999,1.0
F062,11660,0.6920043446937114,0.7349616941802918,0.9199999999999999,0.8
F063,26485,0.7010451401041891,0.609043430412212,0.8400000000000001,0.92
F064,18310,0.7275518035303147,0.7574953492498743,0.86,0.96
F065,24761,0.8599316804206231,0.8251802660901248,1.0,1.0
F066,27061,0.7272591729099258,0.7041903795411949,0.9733333333333334,0.74
F067,10916,0.7980641503303868,0.7648643369429557,1.0,0.92
F068,21125,0.32656806468753624,0.2939728517336207,0.7533333333333334,0.56
F069,3459,0.8038505206291435,0.8038469225569829,0.9866666666666667,0.92
F070,18730,0.9355964606706179,0.7401530574589614,0.9,1.0
F071,21203,0.7393950839721226,0.6739897261828613,0.7933333333333333,1.0
F072,32508,0.46668005873378277,0.4604580805823276,0.7466666666666667,0.72
F073,19840,0.7738060676328359,0.712094766629221,1.0,0.76
F074,14833,0.9151957159083414,0.8680241062637222,1.0,1.0
F075,12544,0.49557461938707925,0.4677247169025481,0.82,0.76
F076,26144,0.8593552169866951,0.8538917745142772,0.9,1.0
F077,29590,0.8177517779156054,0.835955832487923,0.9466666666666667,1.0
F078,19038,0.8631343807806486,0.8058387974868625,0.9733333333333334,1.0
F079,3887,0.38136276928194535,0.4585161630928001,0.7866666666666667,0.48
F080,6129,0.9198959901741074,0.9272664331426083,0.9800000000000001,1.0
F081,12337,0.5670539705527783,0.595945672315679,0.74,0.9
F082,12340,0.7708875026374755,0.9120081275032728,0.8600000000000001,1.0
F083,18990,0.8073403933227482,0.8527458816067844,0.9066666666666667,1.0
F084,8191,0.791045297476381,0.723184873517011,0.8999999999999999,0.84
F085,25210,0.4691567848743146,0.42687050717256103,0.9733333333333334,0.30000000000000004
F086,14247,0.796662227052414,0.8668077129395959,0.8266666666666667,1.0
F087,13311,0.9134525383241112,0.8860970010541049,1.0,1.0
F088,19470,0.5500769675524773,0.5236544446658418,0.7600000000000001,0.88
F089,3156,0.7376196485436166,0.7489950464740133,0.92,0.88
F090,21190,0.7399465884202603,0.665795943067297,0.8066666666666666,0.96
F091,24074,0.2920045510709435,0.3792704487137256,0.6933333333333332,0.5800000000000001
F092,7350,0.7305206371920533,0.7494675948149959,0.8133333333333335,1.0
F093,28066,0.7960573718877869,0.7332454400418393,0.8999999999999999,0.92
F094,23594,0.5662379119151564,0.7916794184115606,0.8800000000000001,0.5599999999999999
F095,28770,0.6852470539284141,0.6943718081490987,0.8933333333333334,0.8200000000000001
F096,5260,0.11729791953465665,-0.3592843929809922,0.2666666666666666,1.0
F097,6885,0.5834252448896443,0.66254993271535,0.9066666666666667,0.56
F098,17345,0.5653172008669146,0.6461842548395516,1.0,0.52
F099,21935,0.6926613601803125,0.7286113383283804,0.7933333333333333,0.9600000000000001
F100,14014,0.7032405956535471,0.8590462401911235,0.84,1.0
F101,20869,0.7260867130659334,0.7210850344761187,0.8933333333333334,0.9400000000000001
F102,18646,0.5759959904296807,0.5774023237592391,0.8066666666666666,0.78
F103,4998,0.5070314251379354,0.3771041290513842,0.94,0.52
F104,22358,0.2396738874889444,-0.07965828591823298,0.38,0.92
F105,12555,0.6954095106677463,0.8237907280342296,0.9533333333333334,0.66
F106,8969,0.7414880725665682,0.7185435452689001,0.8533333333333334,0.8
F107,20463,0.7727106131393983,0.9370896721567922,0.8666666666666667,1.0
F108,9827,0.32688912526353997,0.1906947084303331,0.7933333333333333,0.52
F109,16969,0.8688832677556947,0.8139959872775908,1.0,1.0
F110,736,0.28083500959130747,0.3063372754031072,0.5466666666666666,0.72
F111,8089,0.24611819651363873,0.20634831569894196,0.6133333333333333,0.56
F112,24943,0.6866985187900997,0.6571919416031121,0.8866666666666667,0.74
F113,27857,0.8469995698401693,0.9623734314244987,0.8666666666666667,1.0
F114,7037,0.8008435827912666,0.8302483307685298,1.0,0.88
F115,17507,0.252564975341881,0.27958117014987866,0.7666666666666666,0.44
F116,28816,0.30220624293682147,0.010596620336002813,0.8733333333333333,0.30000000000000004
F117,2504,0.33552833435251805,0.2308694399636195,0.8533333333333333,0.52
F118,14003,0.4725189017306628,0.5590229485696843,0.7333333333333333,0.86
F119,12902,0.7493313500825762,0.6976242400088251,1.0,0.68
F120,12887,0.5340003100560724,0.6016093073346427,0.78,0.92
F121,5178,0.726969031969008,0.6016331842760689,1.0,0.86
F122,6639,0.7302255022987266,0.7931903993888696,1.0,0.68
F123,21296,0.5513829622128198,0.8590724851538861,1.0,0.5599999999999999
F124,2550,0.8621717075692948,0.679538267697785,0.9666666666666667,0.88
F125,12676,0.6637863689971499,0.5040223016338,0.8933333333333334,0.5
F126,18714,0.8131195677233433,0.6636214351714695,1.0,0.92
F127,31422,0.389975961492201,0.22517682220420007,0.7466666666666666,0.5800000000000001
F128,32565,0.8143194847200249,0.6952224402308164,1.0,0.96
F129,2416,0.8951693630226644,0.5994087821957252,1.0,0.86
F130,29947,0.7883366276754219,0.8723579474969567,0.8666666666666667,0.9
F131,19364,0.7766313205483458,0.7948124451913239,0.92,0.8600000000000001
F132,29247,0.7185949359254697,0.802946721671357,1.0,0.84
F133,29931,0.7147827343054254,0.7009853450079183,0.96,0.8200000000000001
F134,16345,0.6674424294108879,0.6831322820561115,0.9266666666666667,0.76
F135,8294,0.5525411179089266,0.5838592625922763,1.0,0.5
F136,26879,0.5843273841713598,0.5494584992296628,0.8333333333333334,0.8
F137,13751,0.7437625758566497,0.8456694031399818,0.9933333333333334,1.0
F138,16515,0.49445172803184445,0.6147540267528833,0.9600000000000001,0.30000000000000004
F139,21634,0.6347077914440393,0.6767616594407111,0.9400000000000001,0.64
F140,27515,0.6939593081171186,0.7403043974210114,0.9866666666666667,0.72
F141,17827,0.5730643138106009,0.4783404249953582,0.8933333333333333,0.6
F142,26236,0.8634453444345472,0.824671795746649,0.96,0.92
F143,9893,0.2108500394746033,0.4251914178594806,0.7,0.54
F144,24876,0.4717604444245141,0.40922932132901785,0.7733333333333333,0.64
F146,8166,0.13283154295306798,0.19736448615826846,0.6799999999999999,0.4
F147,2055,0.0448842493146596,0.16475301673477158,0.6599999999999999,0.30000000000000004
F148,16131,0.6722417506614735,0.785170033630151,1.0,0.76
F150,1713,0.7333251397219667,0.7217011237137885,0.92,0.84
F151,30517,0.4062320099778882,0.47931184864338144,0.6933333333333334,0.76
F152,17556,0.7179157453148108,0.6081783776312115,0.8266666666666668,0.84
F153,17685,0.7537158812105614,0.6905163241000715,0.9533333333333334,0.76
F154,5828,0.4512846932149427,0.4539930086295774,0.8866666666666667,0.52
F155,10264,0.15387755681004003,0.07181069110945838,0.48000000000000004,0.72
F157,19483,0.1250983640902911,0.09718655286897043,0.5866666666666667,0.66
F158,6651,0.5709068892033893,0.539032151169538,0.7066666666666667,0.92
F160,11948,0.38976749009868783,0.5077291350017036,0.7333333333333334,0.62
F161,30223,0.5755225347630457,0.8455247024221981,0.6933333333333334,0.8200000000000001
F162,16736,0.7878743479962825,0.5337232485655592,0.9666666666666667,0.8
F163,4512,0.7616501145912911,0.8388318349480165,0.9600000000000001,0.84
F164,9720,0.805479496393627,0.7167082103668034,0.88,1.0
F165,29825,0.8896658140421213,0.8838524626006182,0.8799999999999999,1.0
F166,19359,0.9437300130683494,0.893725143644099,0.9933333333333334,1.0
F167,7389,0.3382702072146514,0.45026548219660073,0.8666666666666667,0.6
F168,28795,0.6044790083197265,0.6797323727415454,0.7666666666666667,0.7200000000000001
F169,4756,0.4609660001231835,0.4117361172880302,0.78,0.68
F172,29856,-0.12166511802673097,-0.11645945544571684,0.52,0.36
F173,8760,0.39255678275886724,-0.07899556288029598,0.48,1.0
F174,9578,0.2943238165653169,0.06577272872338714,0.5466666666666667,0.76
F175,16045,0.9056153916788521,0.902764054734017,0.9,0.98
F176,23464,0.8709348229775048,0.8585820319321806,0.9733333333333334,1.0
F177,7143,0.460321026528315,0.3291016827568639,0.6333333333333333,0.92
F178,17793,0.8158214426767452,0.8133838728544577,0.8333333333333333,1.0
F179,6676,0.704375739359255,0.669853890832388,0.88,0.88
F180,30870,0.7112301540636453,0.6111643525039201,0.8733333333333333,0.88
F181,28724,0.7369425692769065,0.471008912151656,0.7666666666666666,0.88
F182,2434,0.937194039018067,0.8786234528821353,0.9933333333333334,1.0
F183,18492,0.7954281905381498,0.740624561435332,0.9600000000000001,1.0
F184,9869,0.9043825929857837,0.9302856084583622,0.9400000000000001,1.0
F185,24206,0.7509597343329558,0.685241016664026,0.92,0.8200000000000001
F186,32764,0.22968054892253584,0.3841595703242984,0.54,0.72
F187,22411,0.5821959957490289,0.4380789871617878,1.0,0.44
F188,19654,0.6890684230910278,0.7123897120863975,0.9,0.88
F189,28469,-0.26122085310682863,-0.34703370112590404,0.3866666666666666,0.32
F190,31149,0.4247338924668268,0.4477895301110999,0.8266666666666668,0.36
F191,5320,0.8041253038338846,0.6270577255401671,0.9466666666666667,0.88
F193,25532,0.6745303212638268,0.5197054726345944,0.7866666666666666,1.0
F194,24167,0.7043416984235178,0.6816533586451498,0.9066666666666666,0.8
F195,26057,0.5359757377497326,0.5445899126560414,0.88,0.4
F196,29908,0.6948299923122396,0.6582296635651815,0.9600000000000001,0.8200000000000001
F197,15160,0.3863360178888553,0.3208765184584247,0.7666666666666667,0.62
F198,9782,0.7013396370344307,0.6723634894307805,0.84,0.9400000000000001
F199,26938,0.31786595425219977,0.3306907221494898,0.74,0.48
F200,24856,0.7757807752500547,0.7468996236819053,0.8600000000000001,1.0
F201,12613,0.686456757496706,0.7231103247295492,0.8666666666666666,0.86
F202,453,0.8041133003966443,0.8314949944670359,0.8933333333333333,0.8
F203,15797,0.3939816798959441,0.45909984729757947,0.8666666666666667,0.38
F204,8307,0.6633550350552536,0.5972339760079183,1.0,0.76
F205,16792,0.4782265852810973,0.6012741557619493,0.96,0.48
F206,22475,0.8600907699455369,0.8078463519051697,0.8666666666666667,0.96
F207,15228,0.5485775278669818,0.5916014627587988,0.7400000000000001,0.88
F208,1871,0.48805344871551826,0.5511970223159727,0.9066666666666667,0.66
F209,16965,0.7240061162079511,0.7168103197479424,1.0,0.76
F210,16074,0.9150517533677662,0.7332970321936159,0.9666666666666667,0.9
F211,32482,0.6548493591788154,0.5488639715277132,0.8,0.8600000000000001
F216,24188,0.7121565788596123,0.8454436377435847,0.8533333333333333,0.92
F217,4737,-0.27991613723340575,-0.25082001318414343,0.4666666666666667,0.26
F218,20904,0.7440994289640941,0.6917824546647605,0.9333333333333333,0.8
