feature_id,latent_idx,stable_core_labels,tier,title_zh,explanation_type,spearman,pearson,auroc,high_vs_weak,why_zh,caution_zh
F060,23183,QUO,paper_ready_primary,直接 what 问句,linguistic_structure,0.9609973441828747,0.935439156696605,1.0,1.0,最窄的直接 what 主句问法；四项 held-out 指标均接近或达到 1，适合作为语言形式证据的主例。,它首先是问句形式特征；不能仅凭该卡断言 latent 独立编码开放式提问功能。
F113,27857,QUC,paper_ready_primary,数字量表评分引导,linguistic_structure,0.8469995698401693,0.9623734314244987,0.8666666666666667,1.0,形式条件非常具体，同时对应量化自评这一临床/咨询评估动作，展示语言模板与交际功能可以共同构成解释。,其强可预测性可能主要来自数字与量表模板。
F058,664,QUC+QUO,paper_ready_primary,以客户为中心的信息引导问题,behavioral_function,0.7761157295400685,0.7665196482942067,0.9199999999999999,0.9400000000000001,同时保留 what/how 等表面线索与邀请对方提供经历、判断或计划的行为功能，且 held-out 区分稳定。,QUO 与 QUC 共享，适合说明跨标签共享证据，而非标签特异 latent。
F150,1713,GI,paper_ready_primary,患者特异的临床解释或指令,behavioral_function,0.7333251397219667,0.7217011237137885,0.92,0.84,较清楚地区分信息给予/医疗指令与提问、反映和协作规划，属于较强行为功能例。,具体医疗实体和第二人称结构可能同时充当语言代理。
F165,29825,SU,paper_ready_primary,明确认可或许可框架,linguistic_structure,0.8896658140421213,0.8838524626006182,0.8799999999999999,1.0,明确的 acceptable/understandable/okay 类形式与验证、征求许可功能相互对应，四项指标稳定。,解释仍以显式词汇框架为主，不能扩大为一般性的同理心机制。
F176,23464,AF,paper_ready_primary,明确的亲和性承接,behavioral_function,0.8709348229775048,0.8585820319321806,0.9733333333333334,1.0,感谢、同情、认可和积极回应共同指向关系建立功能，是当前最强的行为/话语功能卡之一。,表面公式较异质，建议论文中展示具体句子而非只给抽象标签。
F015,31133,REC,strong_caveated,sounds/seems like 反映模板,linguistic_structure,0.8620383757148141,0.8385597637402987,1.0,1.0,held-out 指标极强，清楚展示反映性话语常由稳定语言模板承载。,records 缺少前一轮 client 话语，因此只能可靠确认模板，不能确认反映内容是否准确。
F047,8583,REC,strong_caveated,对负面自我认知的第二人称反映,behavioral_function,0.698040173005082,0.748076154480669,0.86,0.92,相比纯模板卡更接近行为功能，并在未见句子上保持较强排序和区分表现。,功能解释依赖对负面内部状态的语义归纳，且缺少前文，可靠性低于纯语言结构卡。
F014,13966,RES,strong_caveated,you are/you're 陈述式刻画,linguistic_structure,0.8684291194187799,0.841564599867049,0.9600000000000001,0.96,四项指标较高，适合展示 RES 候选中稳定、可预测的第二人称陈述结构。,主要支持语言代理而不是反映功能；无 client 前文时不能据此认定为简单反映。
